{"time": {"totalTime": 136.01538586616516, "timeout": 0, "timedout": false, "explain": [1.914106845855713, 1.7036449909210205, 2.4440252780914307, 14.768249988555908, 22.582113027572632, 29.761961936950684, 1.0742108821868896, 0.8602349758148193, 9.469188928604126, 1.1721248626708984, 16.282851219177246, 6.464133024215698, 13.562016010284424, 10.200820922851562, 2.26558780670166, 1.4671852588653564], "cumul_explain": [1.9369189739227295, 3.640573024749756, 6.084604024887085, 20.852862119674683, 43.43498206138611, 73.19695091247559, 74.27116990089417, 75.13141202926636, 84.6006088256836, 85.77274084091187, 102.0555989742279, 108.51973986625671, 122.08176398277283, 132.28259181976318, 134.5481870174408, 136.01538014411926], "preprocess": 2.5033950805664062e-05, "opt": [0.0012309551239013672, 0.023662567138671875, 0.0009639263153076172, 0.02361154556274414, 0.0010340213775634766, 0.04123806953430176, 0.0011260509490966797, 0.9658105373382568, 0.000988006591796875, 1.7984514236450195, 0.00096893310546875, 2.3825788497924805, 0.0009317398071289062, 0.00998544692993164, 0.0009469985961914062, 0.00643610954284668, 0.000965118408203125, 0.3027215003967285, 0.001065969467163086, 0.009131669998168945, 0.0009241104125976562, 0.5078384876251221, 0.0011048316955566406, 0.2501223087310791, 0.0012080669403076172, 0.1564643383026123, 0.0010941028594970703, 0.17116808891296387, 0.0009288787841796875, 0.008962869644165039, 0.0010528564453125, 0.0054798126220703125], "sat": [0.053209781646728516, 0.04993271827697754, 0.08549976348876953, 0.15384697914123535, 0.20891213417053223, 0.22644543647766113, 0.027019023895263672, 0.020539045333862305, 0.12859797477722168, 0.03204607963562012, 0.14721393585205078, 0.1200404167175293, 0.141890287399292, 0.12793922424316406, 0.035980939865112305, 0.024805068969726562], "grow": [1.6314666271209717, 1.4087932109832764, 2.1137712001800537, 13.478396892547607, 20.39734435081482, 26.949641466140747, 0.8446626663208008, 0.6312048435211182, 8.850373983383179, 0.9205574989318848, 15.447589874267578, 5.915050506591797, 13.058178901672363, 9.726256132125854, 2.0449118614196777, 1.2512009143829346], "disj_mcs": [0, 0, 0, 0, 0, 0, 0, 0, 0, 0, 0, 0, 0, 0, 0, 0], "remaining": [0.00010585784912109375, 9.655952453613281e-05, 0.00015926361083984375, 0.00030350685119628906, 0.0003871917724609375, 0.0004420280456542969, 5.078315734863281e-05, 3.600120544433594e-05, 0.00023651123046875, 6.079673767089844e-05, 0.00027561187744140625, 0.00022673606872558594, 0.00023174285888671875, 0.000213623046875, 6.222724914550781e-05, 4.410743713378906e-05]}, "numbers": {"explained": 20, "#opt": [22, 21, 33, 57, 74, 83, 12, 9, 48, 13, 56, 45, 51, 48, 15, 11], "#sat": [22, 21, 33, 57, 74, 83, 12, 9, 48, 13, 56, 45, 51, 48, 15, 11], "#grow": [21, 20, 32, 56, 73, 82, 11, 8, 47, 12, 55, 44, 50, 47, 14, 10], "#disj_mcs": [0, 0, 0, 0, 0, 0, 0, 0, 0, 0, 0, 0, 0, 0, 0, 0], "#hs": [21, 20, 32, 56, 73, 82, 11, 8, 47, 12, 55, 44, 50, 47, 14, 10], "#hs_disj_mcs": [0, 0, 0, 0, 0, 0, 0, 0, 0, 0, 0, 0, 0, 0, 0, 0]}, "explanation": [{"constraints": [16581, 20398], "derived": [-16390], "cost": 161}, {"constraints": [20394, 16587], "derived": [-16403], "cost": 161}, {"constraints": [20400, 16581, 20399], "derived": [-16394], "cost": 261}, {"constraints": [16581, 16585, 20396, 20397, 20400], "derived": [-16389], "cost": 421}, {"constraints": [16581, 16585, 20395, 16587, 20400, 20401], "derived": [-16387], "cost": 481}, {"constraints": [16610, 16611, 20395, 20400, 20401, 16627], "derived": [16386], "cost": 481}, {"constraints": [16386, 16583], "derived": [-16384, -16385], "cost": 62}, {"constraints": [16386, 16581], "derived": [-16391, -16396], "cost": 62}, {"constraints": [16386, 16583, 16585, 20394, 16587, 20401, -16390, -16389], "derived": [-16397, -16393], "cost": 384}, {"constraints": [16584, -16397, -16396, -16394, -16393], "derived": [16395], "cost": 65}, {"constraints": [-16384, 16583, 16585, 20394, 16395, 16587, 20401, -16389], "derived": [-16398], "cost": 384}, {"constraints": [-16384, 16581, 16585, 20394, 16395, 16587, 20400, -16394, -16389], "derived": [-16399], "cost": 385}, {"constraints": [16609, 16386, 20394, 16395, 16587, 20400, 20401, 16627, -16389], "derived": [-16401], "cost": 484}, {"constraints": [-16384, 16609, 16611, 20394, 20400, 20401, 16627, -16394, -16389], "derived": [16400, -16402], "cost": 484}, {"constraints": [16581, 16585, 20394, 16395, 20398, 16400, 20401], "derived": [-16392], "cost": 423}, {"constraints": [16584, -16392, -16391, -16390, -16389], "derived": [16388], "cost": 65}], "params": {"output": "/Users/emiliogamba/Documents/01_VUB/01_Research/01_Shared_Projects/05_OCUS_Explain/notebooks/journal/2021_jair_reviewing_data/ocus_not_incr_p19.json", "instance": "p19", "timeout": null, "explanation_computer": "OCUS_NOT_INCREMENTAL", "grow": "MAXSAT", "maxsatpolarity": true, "interpretation": "ACTUAL", "weighing": "UNIFORM", "reuse_SSes": false, "sort_literals": false, "disable_disjoint_mcses": null, "disjoint_mcses": "", "disjoint_mcs_interpretation": "ACTUAL", "disjoint_mcs_weighing": "UNIFORM"}}