{"time": {"totalTime": 13.112225532531738, "timeout": 0, "timedout": false, "explain": [0.17305517196655273, 0.24252867698669434, 0.35149598121643066, 0.23494601249694824, 0.4040069580078125, 3.7118499279022217, 3.59621000289917, 0.5040338039398193, 0.15614581108093262, 2.739021062850952, 0.15745115280151367, 0.08105111122131348, 0.49582791328430176, 0.2595982551574707], "cumul_explain": [0.17801380157470703, 0.4205465316772461, 0.7720456123352051, 1.0069947242736816, 1.4110057353973389, 5.1228578090667725, 8.71907091140747, 9.223106622695923, 9.37925672531128, 12.118281841278076, 12.27573561668396, 12.356788873672485, 12.852620601654053, 13.112222909927368], "preprocess": 1.5735626220703125e-05, "opt": [0.03040480613708496, 0.004660844802856445, 0.00090789794921875, 0.007605075836181641, 0.0008502006530761719, 0.01105952262878418, 0.0008368492126464844, 0.004480838775634766, 0.0008199214935302734, 0.009099960327148438, 0.0008068084716796875, 0.47995972633361816, 0.0007708072662353516, 0.5470125675201416, 0.0007832050323486328, 0.010350704193115234, 0.0007789134979248047, 0.003020763397216797, 0.0007381439208984375, 0.1511702537536621, 0.0010647773742675781, 0.002524137496948242, 0.0008041858673095703, 0.0017321109771728516, 0.0007841587066650391, 0.006903409957885742, 0.0008199214935302734, 0.0042073726654052734], "sat": [0.0023734569549560547, 0.00552058219909668, 0.012229681015014648, 0.024163007736206055, 0.010308265686035156, 0.01979207992553711, 0.024548768997192383, 0.008042335510253906, 0.0027196407318115234, 0.03238677978515625, 0.03744649887084961, 0.0016410350799560547, 0.004879951477050781, 0.003724336624145508], "grow": [0.12288498878479004, 0.21429872512817383, 0.31362295150756836, 0.18560433387756348, 0.3662869930267334, 3.1993463039398193, 3.00887131690979, 0.4710049629211426, 0.1347799301147461, 2.536381244659424, 0.09569716453552246, 0.06105613708496094, 0.46817588806152344, 0.2344820499420166], "disj_mcs": [0, 0, 0, 0, 0, 0, 0, 0, 0, 0, 0, 0, 0, 0], "remaining": [2.956390380859375e-05, 5.054473876953125e-05, 4.673004150390625e-05, 2.8848648071289062e-05, 5.5789947509765625e-05, 0.00018477439880371094, 0.0002052783966064453, 5.5789947509765625e-05, 2.574920654296875e-05, 0.0001556873321533203, 2.1219253540039062e-05, 1.4543533325195312e-05, 4.76837158203125e-05, 3.4332275390625e-05]}, "numbers": {"explained": 20, "#opt": [10, 13, 16, 10, 16, 51, 59, 17, 8, 47, 6, 5, 14, 11], "#sat": [10, 13, 16, 10, 16, 51, 59, 17, 8, 47, 6, 5, 14, 11], "#grow": [9, 12, 15, 9, 15, 50, 58, 16, 7, 46, 5, 4, 13, 10], "#disj_mcs": [0, 0, 0, 0, 0, 0, 0, 0, 0, 0, 0, 0, 0, 0], "#hs": [9, 12, 15, 9, 15, 50, 58, 16, 7, 46, 5, 4, 13, 10], "#hs_disj_mcs": [0, 0, 0, 0, 0, 0, 0, 0, 0, 0, 0, 0, 0, 0]}, "explanation": [{"constraints": [1690], "derived": [-15, -14], "cost": 101}, {"constraints": [1687], "derived": [5], "cost": 101}, {"constraints": [153, 5], "derived": [-4, -3, -2, -1], "cost": 62}, {"constraints": [5, 151], "derived": [-20, -10], "cost": 62}, {"constraints": [153, 164, 1694], "derived": [-11], "cost": 221}, {"constraints": [154, 168, 169, -11, 151, 1689, 1690], "derived": [-8], "cost": 442}, {"constraints": [1696, 161, 5, 176, 1688, 1690, 156], "derived": [-13], "cost": 482}, {"constraints": [-15, -14, -13, -11, 154], "derived": [12], "cost": 65}, {"constraints": [12, 151], "derived": [-7, -17], "cost": 62}, {"constraints": [1696, 161, 5, 168, 176, -8, 1689, 156, -7], "derived": [6], "cost": 444}, {"constraints": [6, 151], "derived": [-16], "cost": 62}, {"constraints": [153, 6], "derived": [-9], "cost": 62}, {"constraints": [160, 161, 1696, 12, 176, 1690, 1693], "derived": [-19], "cost": 482}, {"constraints": [-20, -19, -17, -16, 154], "derived": [18], "cost": 65}], "params": {"output": "/Users/emiliogamba/Documents/01_VUB/01_Research/01_Shared_Projects/05_OCUS_Explain/notebooks/journal/2021_jair_reviewing_data/ocus_not_incr_origin-problem.json", "instance": "origin-problem", "timeout": null, "explanation_computer": "OCUS_NOT_INCREMENTAL", "grow": "MAXSAT", "maxsatpolarity": true, "interpretation": "ACTUAL", "weighing": "UNIFORM", "reuse_SSes": false, "sort_literals": false, "disable_disjoint_mcses": null, "disjoint_mcses": "", "disjoint_mcs_interpretation": "ACTUAL", "disjoint_mcs_weighing": "UNIFORM"}}