{"time": {"totalTime": 30.94219207763672, "timeout": 0, "timedout": false, "explain": [1.884857177734375, 2.853610038757324, 2.78383207321167, 0.6737170219421387, 0.5395147800445557, 3.8124868869781494, 3.1822500228881836, 3.7130038738250732, 0.43721795082092285, 1.8517980575561523, 2.258258104324341, 0.43740010261535645, 4.388854026794434, 0.3806157112121582, 1.7345998287200928], "cumul_explain": [1.8949553966522217, 4.748571157455444, 7.532410144805908, 8.206131219863892, 8.745652198791504, 12.558144330978394, 15.740400075912476, 19.453409433364868, 19.890632152557373, 21.74243426322937, 24.00069808959961, 24.43810224533081, 28.826963186264038, 29.207584381103516, 30.942188262939453], "preprocess": 1.9788742065429688e-05, "opt": [0.0010972023010253906, 0.04564642906188965, 0.0008840560913085938, 0.2686021327972412, 0.0010590553283691406, 0.11171150207519531, 0.0008800029754638672, 0.010431528091430664, 0.0009920597076416016, 0.007089138031005859, 0.0008690357208251953, 0.12268400192260742, 0.0008466243743896484, 0.0953669548034668, 0.0008349418640136719, 0.13492107391357422, 0.0008690357208251953, 0.005079746246337891, 0.0017688274383544922, 0.05208611488342285, 0.0008618831634521484, 0.03432774543762207, 0.0008518695831298828, 0.005493879318237305, 0.0011539459228515625, 0.13965916633605957, 0.0011119842529296875, 0.0024199485778808594, 0.0008561611175537109, 0.02163100242614746], "sat": [0.035834312438964844, 0.057083845138549805, 0.04958963394165039, 0.019706249237060547, 0.0151519775390625, 0.053528785705566406, 0.04438304901123047, 0.050542593002319336, 0.011945962905883789, 0.037165164947509766, 0.05355095863342285, 0.01207113265991211, 0.08527612686157227, 0.0066988468170166016, 0.03280067443847656], "grow": [1.734133243560791, 2.44864559173584, 2.5489919185638428, 0.5714738368988037, 0.4399378299713135, 3.563974142074585, 2.9694056510925293, 3.454929828643799, 0.35084080696105957, 1.6938772201538086, 2.1078784465789795, 0.3086659908294678, 4.073552131652832, 0.29212045669555664, 1.6057233810424805], "disj_mcs": [0, 0, 0, 0, 0, 0, 0, 0, 0, 0, 0, 0, 0, 0, 0], "remaining": [0.00012421607971191406, 0.0001773834228515625, 0.0002002716064453125, 6.747245788574219e-05, 5.316734313964844e-05, 0.0001499652862548828, 0.00013327598571777344, 0.0001475811004638672, 3.457069396972656e-05, 0.00011444091796875, 0.0001666545867919922, 4.100799560546875e-05, 0.00025534629821777344, 2.765655517578125e-05, 0.00010418891906738281]}, "numbers": {"explained": 20, "#opt": [27, 36, 32, 14, 11, 34, 30, 34, 9, 26, 32, 9, 49, 5, 20], "#sat": [27, 36, 32, 14, 11, 34, 30, 34, 9, 26, 32, 9, 49, 5, 20], "#grow": [26, 35, 31, 13, 10, 33, 29, 33, 8, 25, 31, 8, 48, 4, 19], "#disj_mcs": [0, 0, 0, 0, 0, 0, 0, 0, 0, 0, 0, 0, 0, 0, 0], "#hs": [26, 35, 31, 13, 10, 33, 29, 33, 8, 25, 31, 8, 48, 4, 19], "#hs_disj_mcs": [0, 0, 0, 0, 0, 0, 0, 0, 0, 0, 0, 0, 0, 0, 0]}, "explanation": [{"constraints": [12627, 14148], "derived": [-12551], "cost": 161}, {"constraints": [12618, 14142, 12631], "derived": [-12553], "cost": 221}, {"constraints": [14141, 12631, -12553], "derived": [12554], "cost": 162}, {"constraints": [12554, 12620], "derived": [-12552, -12556, -12555], "cost": 62}, {"constraints": [12554, 12618], "derived": [-12559], "cost": 62}, {"constraints": [14144, 12626, 12604], "derived": [-12550], "cost": 221}, {"constraints": [12614, 12628, 14140], "derived": [-12548], "cost": 221}, {"constraints": [12554, 12618, 14142, 12631], "derived": [-12563, 12558], "cost": 222}, {"constraints": [12620, 12558], "derived": [-12560, -12557, -12561], "cost": 62}, {"constraints": [14144, 12558, 12626, 12629, 12604, 14141], "derived": [-12545], "cost": 382}, {"constraints": [12619, 12558, 12626, 12629, 14138, 12604, 14141, 14143], "derived": [-12549], "cost": 542}, {"constraints": [12617, -12551, -12550, -12549, -12548], "derived": [12547], "cost": 65}, {"constraints": [12610, 14147, 12558, 12628, 12629, 14138, 12604, 14141, 14143], "derived": [12544], "cost": 642}, {"constraints": [12544, 12616], "derived": [-12546], "cost": 62}, {"constraints": [14146, 14147, 12613, 12619, 12629, 12602, 14139, 14141, 14143], "derived": [-12562], "cost": 741}], "params": {"output": "/Users/emiliogamba/Documents/01_VUB/01_Research/01_Shared_Projects/05_OCUS_Explain/notebooks/journal/2021_jair_reviewing_data/ocus_not_incr_p20.json", "instance": "p20", "timeout": null, "explanation_computer": "OCUS_NOT_INCREMENTAL", "grow": "MAXSAT", "maxsatpolarity": true, "interpretation": "ACTUAL", "weighing": "UNIFORM", "reuse_SSes": false, "sort_literals": false, "disable_disjoint_mcses": null, "disjoint_mcses": "", "disjoint_mcs_interpretation": "ACTUAL", "disjoint_mcs_weighing": "UNIFORM"}}