{"time": {"totalTime": 14.842317819595337, "timeout": 0, "timedout": false, "explain": [0.4586067199707031, 0.9928610324859619, 0.638455867767334, 2.960314989089966, 4.14653205871582, 1.352583885192871, 1.1555991172790527, 0.9993400573730469, 0.6995511054992676, 0.49355030059814453, 0.4217047691345215, 0.5156302452087402], "cumul_explain": [0.4661397933959961, 1.4590058326721191, 2.0974667072296143, 5.057784795761108, 9.20432186126709, 10.556910753250122, 11.71251392364502, 12.711857795715332, 13.41141390800476, 13.904969930648804, 14.326680660247803, 14.842314958572388], "preprocess": 1.6927719116210938e-05, "opt": [0.0009982585906982422, 0.00713038444519043, 0.0008108615875244141, 0.012526512145996094, 0.0007920265197753906, 0.010799884796142578, 0.0008008480072021484, 0.4513833522796631, 0.0008103847503662109, 0.6727674007415771, 0.0008256435394287109, 0.04048752784729004, 0.0007719993591308594, 0.018896818161010742, 0.0007669925689697266, 0.011983871459960938, 0.0008177757263183594, 0.005094289779663086, 0.000982046127319336, 0.004954338073730469, 0.0008230209350585938, 0.003638029098510742, 0.0007560253143310547, 0.00435638427734375], "sat": [0.010106801986694336, 0.012839555740356445, 0.011218070983886719, 0.0391082763671875, 0.047486305236816406, 0.024995088577270508, 0.01725625991821289, 0.014861345291137695, 0.007729530334472656, 0.008203744888305664, 0.0059587955474853516, 0.008020162582397461], "grow": [0.40744781494140625, 0.9323740005493164, 0.5784885883331299, 2.432243824005127, 3.3895153999328613, 1.2529690265655518, 1.081918478012085, 0.9324541091918945, 0.6375055313110352, 0.44440436363220215, 0.3728151321411133, 0.4665207862854004], "disj_mcs": [0, 0, 0, 0, 0, 0, 0, 0, 0, 0, 0, 0], "remaining": [5.078315734863281e-05, 6.29425048828125e-05, 5.626678466796875e-05, 0.0001704692840576172, 0.00023794174194335938, 0.00011515617370605469, 7.557868957519531e-05, 6.771087646484375e-05, 4.3392181396484375e-05, 4.2438507080078125e-05, 3.123283386230469e-05, 4.1484832763671875e-05]}, "numbers": {"explained": 20, "#opt": [16, 18, 16, 50, 62, 35, 24, 20, 11, 12, 9, 12], "#sat": [16, 18, 16, 50, 62, 35, 24, 20, 11, 12, 9, 12], "#grow": [15, 17, 15, 49, 61, 34, 23, 19, 10, 11, 8, 11], "#disj_mcs": [0, 0, 0, 0, 0, 0, 0, 0, 0, 0, 0, 0], "#hs": [15, 17, 15, 49, 61, 34, 23, 19, 10, 11, 8, 11], "#hs_disj_mcs": [0, 0, 0, 0, 0, 0, 0, 0, 0, 0, 0, 0]}, "explanation": [{"constraints": [6380], "derived": [-4704, -4701], "cost": 101}, {"constraints": [4841, 6386], "derived": [-4702, -4692, -4707, -4697], "cost": 161}, {"constraints": [6378, 4843], "derived": [-4696], "cost": 161}, {"constraints": [6384, 6386, 4843, 4845], "derived": [-4710, -4709], "cost": 321}, {"constraints": [4841, 4845, 6382, 6384, 4851], "derived": [-4706], "cost": 381}, {"constraints": [4844, -4710, -4709, -4707, -4706], "derived": [4708], "cost": 65}, {"constraints": [4841, 4708], "derived": [-4703, -4693, -4698], "cost": 62}, {"constraints": [-4704, -4703, -4702, -4701, 4844], "derived": [4705], "cost": 65}, {"constraints": [4705, 4841], "derived": [-4695, -4700], "cost": 62}, {"constraints": [-4700, -4698, -4697, -4696, 4844], "derived": [4699], "cost": 65}, {"constraints": [4841, 4699], "derived": [-4694], "cost": 62}, {"constraints": [-4695, -4694, -4693, -4692, 4844], "derived": [4691], "cost": 65}], "params": {"output": "/Users/emiliogamba/Documents/01_VUB/01_Research/01_Shared_Projects/05_OCUS_Explain/notebooks/journal/2021_jair_reviewing_data/ocus_not_incr_p13.json", "instance": "p13", "timeout": null, "explanation_computer": "OCUS_NOT_INCREMENTAL", "grow": "MAXSAT", "maxsatpolarity": true, "interpretation": "ACTUAL", "weighing": "UNIFORM", "reuse_SSes": false, "sort_literals": false, "disable_disjoint_mcses": null, "disjoint_mcses": "", "disjoint_mcs_interpretation": "ACTUAL", "disjoint_mcs_weighing": "UNIFORM"}}