{"time": {"totalTime": 13.636791706085205, "timeout": 0, "timedout": false, "explain": [0.26373767852783203, 0.2971210479736328, 0.4250349998474121, 5.874872207641602, 0.5359961986541748, 0.3905940055847168, 1.333446979522705, 1.285823106765747, 1.0820400714874268, 0.636876106262207, 0.17731595039367676, 0.23513412475585938, 0.40307188034057617, 0.1891169548034668, 0.5007228851318359], "cumul_explain": [0.26956677436828613, 0.5666937828063965, 0.9917325973510742, 6.8666088581085205, 7.402608871459961, 7.793206691741943, 9.126657724380493, 10.412485837936401, 11.494528770446777, 12.131408929824829, 12.308729887008667, 12.543867588043213, 12.946941614151001, 13.136062622070312, 13.636788606643677], "preprocess": 1.4781951904296875e-05, "opt": [0.0009000301361083984, 0.0063250064849853516, 0.0009710788726806641, 0.007431745529174805, 0.0008459091186523438, 0.017008066177368164, 0.0008168220520019531, 1.5556929111480713, 0.0007991790771484375, 0.02383255958557129, 0.0007581710815429688, 0.008651256561279297, 0.0007560253143310547, 0.04912829399108887, 0.0008530616760253906, 0.0702052116394043, 0.0007569789886474609, 0.03182053565979004, 0.0009150505065917969, 0.005959987640380859, 0.0008130073547363281, 0.002633333206176758, 0.0007579326629638672, 0.003550291061401367, 0.0007538795471191406, 0.0040819644927978516, 0.0007658004760742188, 0.0023164749145507812, 0.0007429122924804688, 0.00494694709777832], "sat": [0.006478548049926758, 0.007250547409057617, 0.011185169219970703, 0.04249405860900879, 0.012774229049682617, 0.007403135299682617, 0.01785564422607422, 0.015485763549804688, 0.014576911926269531, 0.007899761199951172, 0.0036771297454833984, 0.005518436431884766, 0.006576061248779297, 0.00311279296875, 0.011233091354370117], "grow": [0.22530508041381836, 0.25472569465637207, 0.36989831924438477, 4.2513532638549805, 0.47145891189575195, 0.3483145236968994, 1.23451828956604, 1.1789357662200928, 1.0137441158294678, 0.5952906608581543, 0.14398741722106934, 0.2027878761291504, 0.36673927307128906, 0.15619802474975586, 0.45888352394104004], "disj_mcs": [0, 0, 0, 0, 0, 0, 0, 0, 0, 0, 0, 0, 0, 0, 0], "remaining": [4.839897155761719e-05, 5.078315734863281e-05, 6.031990051269531e-05, 0.0002658367156982422, 0.00010228157043457031, 4.291534423828125e-05, 0.00010466575622558594, 8.606910705566406e-05, 9.441375732421875e-05, 4.673004150390625e-05, 2.5987625122070312e-05, 3.0279159545898438e-05, 3.6716461181640625e-05, 2.4557113647460938e-05, 4.744529724121094e-05]}, "numbers": {"explained": 20, "#opt": [12, 15, 19, 70, 25, 14, 31, 27, 27, 15, 8, 10, 12, 7, 14], "#sat": [12, 15, 19, 70, 25, 14, 31, 27, 27, 15, 8, 10, 12, 7, 14], "#grow": [11, 14, 18, 69, 24, 13, 30, 26, 26, 14, 7, 9, 11, 6, 13], "#disj_mcs": [0, 0, 0, 0, 0, 0, 0, 0, 0, 0, 0, 0, 0, 0, 0], "#hs": [11, 14, 18, 69, 24, 13, 30, 26, 26, 14, 7, 9, 11, 6, 13], "#hs_disj_mcs": [0, 0, 0, 0, 0, 0, 0, 0, 0, 0, 0, 0, 0, 0, 0]}, "explanation": [{"constraints": [4554], "derived": [-2875], "cost": 101}, {"constraints": [4550], "derived": [-2879], "cost": 101}, {"constraints": [4553, 3011], "derived": [-2874], "cost": 161}, {"constraints": [4547, 4551, 3024, 3025, 3037], "derived": [-2870, -2869, -2866], "cost": 381}, {"constraints": [-2879, -2869, 4553], "derived": [2864], "cost": 103}, {"constraints": [2864, 3013], "derived": [-2863, -2862, -2861, -2865], "cost": 62}, {"constraints": [3011, 4547, 4553, 3017, 2864], "derived": [-2878], "cost": 322}, {"constraints": [4547, 3012, 3013, 4549, 3017, -2870, -2866, 2864], "derived": [-2873], "cost": 384}, {"constraints": [4547, 3012, 3013, 4553, -2870, 3017, -2866, 2864], "derived": [-2877], "cost": 384}, {"constraints": [4547, 4551, 4553, 3017, -2869, 3021], "derived": [2867], "cost": 422}, {"constraints": [2867, 3011], "derived": [-2872], "cost": 62}, {"constraints": [2867, 3013], "derived": [-2868], "cost": 62}, {"constraints": [-2875, 3014, -2873, -2872, -2874], "derived": [2871], "cost": 65}, {"constraints": [3011, 2871], "derived": [-2876], "cost": 62}, {"constraints": [-2879, -2878, -2877, -2876, 3014], "derived": [2880], "cost": 65}], "params": {"output": "/Users/emiliogamba/Documents/01_VUB/01_Research/01_Shared_Projects/05_OCUS_Explain/notebooks/journal/2021_jair_reviewing_data/ocus_not_incr_p12.json", "instance": "p12", "timeout": null, "explanation_computer": "OCUS_NOT_INCREMENTAL", "grow": "MAXSAT", "maxsatpolarity": true, "interpretation": "ACTUAL", "weighing": "UNIFORM", "reuse_SSes": false, "sort_literals": false, "disable_disjoint_mcses": null, "disjoint_mcses": "", "disjoint_mcs_interpretation": "ACTUAL", "disjoint_mcs_weighing": "UNIFORM"}}