{"time": {"totalTime": 14.407457113265991, "timeout": 0, "timedout": false, "explain": [1.5226409435272217, 1.2715249061584473, 1.7309448719024658, 1.4791691303253174, 1.5649919509887695, 0.4403860569000244, 0.42258214950561523, 0.858360767364502, 0.3785078525543213, 0.3234720230102539, 2.0413708686828613, 0.48035097122192383, 0.25468873977661133, 0.7252469062805176, 0.9042918682098389], "cumul_explain": [1.5314860343933105, 2.803016185760498, 4.533965110778809, 6.01314115524292, 7.578138113021851, 8.018530130386353, 8.44111704826355, 9.299484014511108, 9.677999019622803, 10.001477003097534, 12.042855024337769, 12.523210048675537, 12.777904033660889, 13.503154993057251, 14.40745210647583], "preprocess": 1.6927719116210938e-05, "opt": [0.0010559558868408203, 0.041356801986694336, 0.0009038448333740234, 0.02380084991455078, 0.0008788108825683594, 0.04550933837890625, 0.0012979507446289062, 0.025604963302612305, 0.0008831024169921875, 0.029529809951782227, 0.0008370876312255859, 0.006474733352661133, 0.0009679794311523438, 0.005221366882324219, 0.0008678436279296875, 0.015874624252319336, 0.0008571147918701172, 0.004076480865478516, 0.0008220672607421875, 0.004101991653442383, 0.001008749008178711, 0.03247404098510742, 0.0008001327514648438, 0.005181312561035156, 0.0008499622344970703, 0.0022919178009033203, 0.0008020401000976562, 0.006319761276245117, 0.0008418560028076172, 0.005290985107421875], "sat": [0.027371644973754883, 0.024416446685791016, 0.02956414222717285, 0.027829885482788086, 0.030416488647460938, 0.011837005615234375, 0.012002944946289062, 0.023593664169311523, 0.010584592819213867, 0.006616353988647461, 0.033315181732177734, 0.010384082794189453, 0.005060672760009766, 0.013187408447265625, 0.012345552444458008], "grow": [1.3987998962402344, 1.1704459190368652, 1.6023411750793457, 1.3698878288269043, 1.4456462860107422, 0.3673286437988281, 0.3432912826538086, 0.7585709095001221, 0.302318811416626, 0.24042367935180664, 1.9299120903015137, 0.39772915840148926, 0.19033098220825195, 0.6524307727813721, 0.8245551586151123], "disj_mcs": [0, 0, 0, 0, 0, 0, 0, 0, 0, 0, 0, 0, 0, 0, 0], "remaining": [0.00011372566223144531, 9.655952453613281e-05, 0.00011038780212402344, 0.00010323524475097656, 0.00011730194091796875, 4.863739013671875e-05, 4.2438507080078125e-05, 7.677078247070312e-05, 3.5762786865234375e-05, 3.4809112548828125e-05, 0.00012183189392089844, 3.933906555175781e-05, 2.5510787963867188e-05, 4.482269287109375e-05, 5.507469177246094e-05]}, "numbers": {"explained": 20, "#opt": [28, 22, 26, 24, 24, 11, 10, 19, 8, 7, 28, 10, 5, 11, 12], "#sat": [28, 22, 26, 24, 24, 11, 10, 19, 8, 7, 28, 10, 5, 11, 12], "#grow": [27, 21, 25, 23, 23, 10, 9, 18, 7, 6, 27, 9, 4, 10, 11], "#disj_mcs": [0, 0, 0, 0, 0, 0, 0, 0, 0, 0, 0, 0, 0, 0, 0], "#hs": [27, 21, 25, 23, 23, 10, 9, 18, 7, 6, 27, 9, 4, 10, 11], "#hs_disj_mcs": [0, 0, 0, 0, 0, 0, 0, 0, 0, 0, 0, 0, 0, 0, 0]}, "explanation": [{"constraints": [8793, 10317], "derived": [-8714, -8713], "cost": 161}, {"constraints": [10318, 8791], "derived": [-8723], "cost": 161}, {"constraints": [8793, 8811, 10316], "derived": [-8712], "cost": 221}, {"constraints": [-8712, 8793, 10317], "derived": [-8718], "cost": 162}, {"constraints": [-8712, 8811, 10324], "derived": [8709], "cost": 162}, {"constraints": [8709, 8791], "derived": [-8704, -8719], "cost": 62}, {"constraints": [8793, 8709], "derived": [-8711, -8710], "cost": 62}, {"constraints": [-8711, -8718, -8710, 10317], "derived": [8715], "cost": 104}, {"constraints": [8715, 8791], "derived": [-8720, -8705], "cost": 62}, {"constraints": [8793, 8715], "derived": [-8717, -8716], "cost": 62}, {"constraints": [8811, 8715, 10316, -8723, 10326, 8792, 8793], "derived": [-8706], "cost": 383}, {"constraints": [-8711, 10323, -8716, -8706], "derived": [8721], "cost": 104}, {"constraints": [8793, 8721], "derived": [-8722], "cost": 62}, {"constraints": [8811, 10316, 8721, 10326, 8791], "derived": [-8707], "cost": 322}, {"constraints": [-8704, 8794, -8707, -8706, -8705], "derived": [8708], "cost": 65}], "params": {"output": "/Users/emiliogamba/Documents/01_VUB/01_Research/01_Shared_Projects/05_OCUS_Explain/notebooks/journal/2021_jair_reviewing_data/ocus_not_incr_p18.json", "instance": "p18", "timeout": null, "explanation_computer": "OCUS_NOT_INCREMENTAL", "grow": "MAXSAT", "maxsatpolarity": true, "interpretation": "ACTUAL", "weighing": "UNIFORM", "reuse_SSes": false, "sort_literals": false, "disable_disjoint_mcses": null, "disjoint_mcses": "", "disjoint_mcs_interpretation": "ACTUAL", "disjoint_mcs_weighing": "UNIFORM"}}