{"time": {"totalTime": 12.205787658691406, "timeout": 0, "timedout": false, "explain": [0.8163058757781982, 0.8227458000183105, 0.6293268203735352, 0.7383029460906982, 0.7751750946044922, 2.630028009414673, 0.9755351543426514, 0.5989830493927002, 0.6050100326538086, 0.7702898979187012, 1.7558338642120361, 1.0760679244995117], "cumul_explain": [0.8284347057342529, 1.6511855125427246, 2.280517578125, 3.018824577331543, 3.79400372505188, 6.424036502838135, 7.399576663970947, 7.9985644817352295, 8.603578567504883, 9.373873710632324, 11.129711627960205, 12.20578384399414], "preprocess": 2.288818359375e-05, "opt": [0.0012350082397460938, 0.014454364776611328, 0.0009200572967529297, 0.009851932525634766, 0.0008778572082519531, 0.007415771484375, 0.0008378028869628906, 0.0083465576171875, 0.000885009765625, 0.009528398513793945, 0.0008599758148193359, 0.23223304748535156, 0.000782012939453125, 0.006122112274169922, 0.0007979869842529297, 0.005016803741455078, 0.0008037090301513672, 0.005533456802368164, 0.0008540153503417969, 0.0060710906982421875, 0.0008192062377929688, 0.012539148330688477, 0.0008058547973632812, 0.006337642669677734], "sat": [0.025875091552734375, 0.02430438995361328, 0.018195629119873047, 0.019853830337524414, 0.020920753479003906, 0.06647825241088867, 0.016873836517333984, 0.01296544075012207, 0.014506816864013672, 0.017311811447143555, 0.03162050247192383, 0.02284526824951172], "grow": [0.6986279487609863, 0.7141802310943604, 0.5295400619506836, 0.6252326965332031, 0.6675584316253662, 2.264191150665283, 0.871680498123169, 0.5056514739990234, 0.5091869831085205, 0.6748020648956299, 1.6438076496124268, 0.9624927043914795], "disj_mcs": [0, 0, 0, 0, 0, 0, 0, 0, 0, 0, 0, 0], "remaining": [7.939338684082031e-05, 7.319450378417969e-05, 6.0558319091796875e-05, 0.00011181831359863281, 6.723403930664062e-05, 0.00018167495727539062, 4.7206878662109375e-05, 3.814697265625e-05, 5.173683166503906e-05, 5.078315734863281e-05, 7.987022399902344e-05, 6.532669067382812e-05]}, "numbers": {"explained": 20, "#opt": [17, 15, 12, 14, 15, 38, 12, 10, 11, 13, 18, 15], "#sat": [17, 15, 12, 14, 15, 38, 12, 10, 11, 13, 18, 15], "#grow": [16, 14, 11, 13, 14, 37, 11, 9, 10, 12, 17, 14], "#disj_mcs": [0, 0, 0, 0, 0, 0, 0, 0, 0, 0, 0, 0], "#hs": [16, 14, 11, 13, 14, 37, 11, 9, 10, 12, 17, 14], "#hs_disj_mcs": [0, 0, 0, 0, 0, 0, 0, 0, 0, 0, 0, 0]}, "explanation": [{"constraints": [16055], "derived": [14371], "cost": 101}, {"constraints": [14371, 14519], "derived": [-14376, -14381, -14386], "cost": 62}, {"constraints": [14521, 14371], "derived": [-14373, -14372, -14370, -14369], "cost": 62}, {"constraints": [16061, 14519], "derived": [-14384], "cost": 161}, {"constraints": [16057, 14519], "derived": [-14387], "cost": 161}, {"constraints": [14521, 16057, 16061, 14527], "derived": [-14383, -14380, -14378, -14375], "cost": 321}, {"constraints": [16065, 14539, 16057, 14551], "derived": [14382], "cost": 321}, {"constraints": [14382, 14519], "derived": [-14377], "cost": 62}, {"constraints": [14521, 14382], "derived": [-14379], "cost": 62}, {"constraints": [-14378, -14377, -14376, -14375, 14522], "derived": [14374], "cost": 65}, {"constraints": [14519, 16056, 16057, 14523, 16061, 14527], "derived": [-14388], "cost": 481}, {"constraints": [-14388, -14387, -14386, -14384, 14522], "derived": [14385], "cost": 65}], "params": {"output": "/Users/emiliogamba/Documents/01_VUB/01_Research/01_Shared_Projects/05_OCUS_Explain/notebooks/journal/2021_jair_reviewing_data/ocus_not_incr_p93.json", "instance": "p93", "timeout": null, "explanation_computer": "OCUS_NOT_INCREMENTAL", "grow": "MAXSAT", "maxsatpolarity": true, "interpretation": "ACTUAL", "weighing": "UNIFORM", "reuse_SSes": false, "sort_literals": false, "disable_disjoint_mcses": null, "disjoint_mcses": "", "disjoint_mcs_interpretation": "ACTUAL", "disjoint_mcs_weighing": "UNIFORM"}}