{"time": {"totalTime": 37.349344968795776, "timeout": 0, "timedout": false, "explain": [0.8590939044952393, 1.4538640975952148, 7.085078954696655, 9.558332204818726, 1.622805118560791, 0.5532729625701904, 7.967532157897949, 5.667402982711792, 0.5535368919372559, 0.3564028739929199, 0.5691378116607666, 0.45375490188598633, 0.6409528255462646], "cumul_explain": [0.8672058582305908, 2.321074962615967, 9.406158208847046, 18.964495182037354, 20.587306022644043, 21.140583992004395, 29.10812211036682, 34.775530099868774, 35.329071044921875, 35.68547797203064, 36.25462198257446, 36.70838189125061, 37.34934210777283], "preprocess": 1.7881393432617188e-05, "opt": [0.0011420249938964844, 0.02228832244873047, 0.0008320808410644531, 0.19868183135986328, 0.0007989406585693359, 1.831939935684204, 0.0008740425109863281, 2.157533884048462, 0.0008788108825683594, 0.08339309692382812, 0.0008792877197265625, 0.012226343154907227, 0.0008180141448974609, 0.973484992980957, 0.0008139610290527344, 0.7323055267333984, 0.0007789134979248047, 0.0064351558685302734, 0.0007901191711425781, 0.0034639835357666016, 0.0008120536804199219, 0.004621744155883789, 0.0007879734039306641, 0.004038333892822266, 0.0008399486541748047, 0.005570411682128906], "sat": [0.020498991012573242, 0.03050827980041504, 0.08247685432434082, 0.09652256965637207, 0.033895015716552734, 0.01452946662902832, 0.07677650451660156, 0.06920218467712402, 0.01152944564819336, 0.0070917606353759766, 0.01028299331665039, 0.007625579833984375, 0.011371374130249023], "grow": [0.7748384475708008, 1.1843278408050537, 5.125137567520142, 7.260035514831543, 1.4662048816680908, 0.4832119941711426, 6.884472608566284, 4.834283828735352, 0.4915156364440918, 0.30244946479797363, 0.5119333267211914, 0.39891672134399414, 0.5798978805541992], "disj_mcs": [0, 0, 0, 0, 0, 0, 0, 0, 0, 0, 0, 0, 0], "remaining": [9.72747802734375e-05, 0.0001251697540283203, 0.0003466606140136719, 0.0004558563232421875, 0.00013709068298339844, 7.82012939453125e-05, 0.0002949237823486328, 0.00027561187744140625, 5.173683166503906e-05, 2.574920654296875e-05, 3.790855407714844e-05, 3.719329833984375e-05, 5.412101745605469e-05]}, "numbers": {"explained": 20, "#opt": [21, 33, 79, 90, 35, 15, 72, 71, 14, 9, 12, 10, 13], "#sat": [21, 33, 79, 90, 35, 15, 72, 71, 14, 9, 12, 10, 13], "#grow": [20, 32, 78, 89, 34, 14, 71, 70, 13, 8, 11, 9, 12], "#disj_mcs": [0, 0, 0, 0, 0, 0, 0, 0, 0, 0, 0, 0, 0], "#hs": [20, 32, 78, 89, 34, 14, 71, 70, 13, 8, 11, 9, 12], "#hs_disj_mcs": [0, 0, 0, 0, 0, 0, 0, 0, 0, 0, 0, 0, 0]}, "explanation": [{"constraints": [8456, 6911], "derived": [-6775, -6765, -6780, -6770], "cost": 161}, {"constraints": [6915, 8450, 8451, 6911], "derived": [-6762, -6777], "cost": 321}, {"constraints": [8448, 8451, 8454, 6928, 6929, 6940], "derived": [-6768], "cost": 481}, {"constraints": [8449, 8451, 6917, 8454, 6919, 6921, 6911], "derived": [-6767], "cost": 541}, {"constraints": [6912, 6913, -6780, -6777, -6770, -6767, -6765, -6762], "derived": [-6774, -6773, -6771], "cost": 127}, {"constraints": [6914, -6775, -6774, -6773, -6771], "derived": [6772], "cost": 65}, {"constraints": [6912, 6913, 8448, 6915, 8452, -6780, 8449, 6919, 6921, -6770, -6768, 6772], "derived": [-6761], "cost": 605}, {"constraints": [6912, 6913, 8448, 8451, 8449, 6917, 8453, 6921, -6765, 6772, -6761], "derived": [-6779, -6778], "cost": 644}, {"constraints": [6914, -6780, -6779, -6778, -6777], "derived": [6776], "cost": 65}, {"constraints": [6776, 6911], "derived": [-6766], "cost": 62}, {"constraints": [6914, -6770, -6768, -6767, -6766], "derived": [6769], "cost": 65}, {"constraints": [6769, 6911], "derived": [-6764], "cost": 62}, {"constraints": [6914, -6765, -6764, -6762, -6761], "derived": [6763], "cost": 65}], "params": {"output": "/Users/emiliogamba/Documents/01_VUB/01_Research/01_Shared_Projects/05_OCUS_Explain/notebooks/journal/2021_jair_reviewing_data/ocus_not_incr_p16.json", "instance": "p16", "timeout": null, "explanation_computer": "OCUS_NOT_INCREMENTAL", "grow": "MAXSAT", "maxsatpolarity": true, "interpretation": "ACTUAL", "weighing": "UNIFORM", "reuse_SSes": false, "sort_literals": false, "disable_disjoint_mcses": null, "disjoint_mcses": "", "disjoint_mcs_interpretation": "ACTUAL", "disjoint_mcs_weighing": "UNIFORM"}}