{"time": {"totalTime": 0.34345293045043945, "timeout": 0, "timedout": false, "explain": [0.11513185501098633, 0.12510108947753906, 0.09513020515441895], "cumul_explain": [0.12321591377258301, 0.2483198642730713, 0.34345197677612305], "preprocess": 1.2159347534179688e-05, "opt": [0.0009310245513916016, 0.0016510486602783203, 0.0009169578552246094, 0.0017938613891601562, 0.0008709430694580078, 0.00130462646484375], "sat": [0.007740020751953125, 0.008868932723999023, 0.0064089298248291016], "grow": [0.08867788314819336, 0.1035010814666748, 0.07617020606994629], "disj_mcs": [0, 0, 0], "remaining": [5.91278076171875e-05, 3.409385681152344e-05, 2.3365020751953125e-05]}, "numbers": {"explained": 3, "#opt": [4, 5, 4], "#sat": [4, 5, 4], "#grow": [3, 4, 3], "#disj_mcs": [0, 0, 0], "#hs": [3, 4, 3], "#hs_disj_mcs": [0, 0, 0]}, "explanation": [{"constraints": [20771], "derived": [20766], "cost": 21}, {"constraints": [20769, 20772, 20766], "derived": [-20767], "cost": 42}, {"constraints": [-20767, 20770, 20766], "derived": [20768], "cost": 23}], "params": {"output": "/Users/emiliogamba/Documents/01_VUB/01_Research/01_Shared_Projects/05_OCUS_Explain/notebooks/journal/2021_jair_reviewing_data/ocus_not_incr_simple.json", "instance": "simple", "timeout": null, "explanation_computer": "OCUS_NOT_INCREMENTAL", "grow": "MAXSAT", "maxsatpolarity": true, "interpretation": "ACTUAL", "weighing": "UNIFORM", "reuse_SSes": false, "sort_literals": false, "disable_disjoint_mcses": null, "disjoint_mcses": "", "disjoint_mcs_interpretation": "ACTUAL", "disjoint_mcs_weighing": "UNIFORM"}}