{"time": {"totalTime": 49.280237674713135, "timeout": 0, "timedout": false, "explain": [2.0287981033325195, 3.650041103363037, 5.145876884460449, 3.5359129905700684, 3.5030248165130615, 4.217076778411865, 5.308178901672363, 1.6279268264770508, 0.4700899124145508, 6.0827131271362305, 1.3629052639007568, 0.8004050254821777, 0.2414078712463379, 6.278017997741699, 4.59384822845459, 0.4233882427215576], "cumul_explain": [2.039340019226074, 5.689384937286377, 10.835265636444092, 14.371182680130005, 17.874213695526123, 22.091295957565308, 27.399479627609253, 29.027411937713623, 29.497506618499756, 35.580225706100464, 36.9431369304657, 37.74354791641235, 37.9849636554718, 44.26298785209656, 48.85684084892273, 49.28023386001587], "preprocess": 1.811981201171875e-05, "opt": [0.0010950565338134766, 0.11271405220031738, 0.0008738040924072266, 0.399153470993042, 0.0008482933044433594, 0.8614771366119385, 0.0007891654968261719, 0.2192082405090332, 0.0008540153503417969, 0.21951055526733398, 0.0008630752563476562, 0.18329787254333496, 0.0008790493011474609, 0.31877899169921875, 0.0009648799896240234, 0.04685211181640625, 0.0008721351623535156, 0.006895542144775391, 0.0008556842803955078, 0.3797588348388672, 0.0008590221405029297, 0.023639917373657227, 0.0008370876312255859, 0.006526470184326172, 0.0009009838104248047, 0.002200603485107422, 0.0009500980377197266, 0.43144655227661133, 0.0008199214935302734, 0.07083463668823242, 0.0009999275207519531, 0.003407001495361328], "sat": [0.04520130157470703, 0.0659329891204834, 0.08145952224731445, 0.052895545959472656, 0.058527469635009766, 0.05581998825073242, 0.0713036060333252, 0.033150434494018555, 0.01282644271850586, 0.06957888603210449, 0.037485361099243164, 0.01431417465209961, 0.005647897720336914, 0.0708315372467041, 0.060068607330322266, 0.009069442749023438], "grow": [1.8132731914520264, 3.128601312637329, 4.1490795612335205, 3.205209970474243, 3.1625430583953857, 3.9076831340789795, 4.860818862915039, 1.4540925025939941, 0.3842744827270508, 5.5704731941223145, 1.2476584911346436, 0.7163515090942383, 0.16326379776000977, 5.714718580245972, 4.397552490234375, 0.35172486305236816], "disj_mcs": [0, 0, 0, 0, 0, 0, 0, 0, 0, 0, 0, 0, 0, 0, 0, 0], "remaining": [0.00015783309936523438, 0.00019431114196777344, 0.0002455711364746094, 0.00017118453979492188, 0.0002071857452392578, 0.00020813941955566406, 0.00027441978454589844, 0.0001399517059326172, 6.461143493652344e-05, 0.0002560615539550781, 0.00011229515075683594, 5.507469177246094e-05, 2.3603439331054688e-05, 0.00022101402282714844, 0.00020360946655273438, 3.266334533691406e-05]}, "numbers": {"explained": 20, "#opt": [38, 48, 57, 42, 41, 38, 45, 25, 10, 48, 22, 12, 5, 53, 42, 8], "#sat": [38, 48, 57, 42, 41, 38, 45, 25, 10, 48, 22, 12, 5, 53, 42, 8], "#grow": [37, 47, 56, 41, 40, 37, 44, 24, 9, 47, 21, 11, 4, 52, 41, 7], "#disj_mcs": [0, 0, 0, 0, 0, 0, 0, 0, 0, 0, 0, 0, 0, 0, 0, 0], "#hs": [37, 47, 56, 41, 40, 37, 44, 24, 9, 47, 21, 11, 4, 52, 41, 7], "#hs_disj_mcs": [0, 0, 0, 0, 0, 0, 0, 0, 0, 0, 0, 0, 0, 0, 0, 0]}, "explanation": [{"constraints": [12329, 10811, 10823], "derived": [-10766, -10771], "cost": 221}, {"constraints": [10801, 10819, 12333, 12327], "derived": [-10752], "cost": 321}, {"constraints": [10819, 12329, 10795, 12334, 10801], "derived": [-10765, -10763, -10762], "cost": 381}, {"constraints": [10818, 12327, 10793, 10795, 12331], "derived": [-10758], "cost": 381}, {"constraints": [10821, 12327, 10793, 12330, 12331, 10797], "derived": [-10768], "cost": 481}, {"constraints": [10818, 10793, 12330, 12331, 12329, 10797], "derived": [-10756], "cost": 481}, {"constraints": [10818, 12327, 10793, 12330, 10795, 12331, 10797], "derived": [-10753], "cost": 541}, {"constraints": [10820, 10791, 12327, 12332, 10807, -10753], "derived": [-10764], "cost": 382}, {"constraints": [-10765, -10764, -10763, -10762, 10810], "derived": [10761], "cost": 65}, {"constraints": [10818, 10791, 10793, 12330, 12331, 12332, 10797], "derived": [-10754], "cost": 541}, {"constraints": [-10752, 10761, 10807, 10810, -10754, -10753], "derived": [-10760, 10755], "cost": 125}, {"constraints": [-10764, 10820, -10754, 12332], "derived": [10759], "cost": 163}, {"constraints": [10809, 10759], "derived": [-10757], "cost": 62}, {"constraints": [10817, 10759, 10792, 10824, 10793, 12330, 12331, 10805], "derived": [-10769], "cost": 502}, {"constraints": [10755, 10819, 12327, 10823, 10793, 12330, 10801, 10811], "derived": [-10770], "cost": 502}, {"constraints": [-10770, -10769, -10768, -10766, 10814], "derived": [10767], "cost": 65}], "params": {"output": "/Users/emiliogamba/Documents/01_VUB/01_Research/01_Shared_Projects/05_OCUS_Explain/notebooks/journal/2021_jair_reviewing_data/ocus_not_incr_p25.json", "instance": "p25", "timeout": null, "explanation_computer": "OCUS_NOT_INCREMENTAL", "grow": "MAXSAT", "maxsatpolarity": true, "interpretation": "ACTUAL", "weighing": "UNIFORM", "reuse_SSes": false, "sort_literals": false, "disable_disjoint_mcses": null, "disjoint_mcses": "", "disjoint_mcs_interpretation": "ACTUAL", "disjoint_mcs_weighing": "UNIFORM"}}