{"time": {"totalTime": 22.896541833877563, "timeout": 0, "timedout": false, "explain": [0.8523318767547607, 1.0008668899536133, 0.6189367771148682, 3.4059078693389893, 1.9517040252685547, 1.2965419292449951, 1.8102879524230957, 3.974799871444702, 2.5519309043884277, 2.293680191040039, 0.2753639221191406, 2.09159779548645, 0.13946914672851562, 0.06242990493774414, 0.21464323997497559, 0.19582414627075195, 0.15489506721496582], "cumul_explain": [0.8575959205627441, 1.858466625213623, 2.4774086475372314, 5.883323907852173, 7.835031747817993, 9.13157868385315, 10.941869735717773, 14.916674613952637, 17.468607664108276, 19.76229190826416, 20.037659883499146, 22.12925958633423, 22.268731832504272, 22.33116579055786, 22.545812606811523, 22.74164080619812, 22.89653968811035], "preprocess": 1.6689300537109375e-05, "opt": [0.0010230541229248047, 0.02346348762512207, 0.0008749961853027344, 0.03437399864196777, 0.0008411407470703125, 0.014288187026977539, 0.0011410713195800781, 0.4104177951812744, 0.0008521080017089844, 0.34079861640930176, 0.0008389949798583984, 0.13840246200561523, 0.0007991790771484375, 0.21439123153686523, 0.0008368492126464844, 0.4116072654724121, 0.0009298324584960938, 0.32961463928222656, 0.0007507801055908203, 0.2057957649230957, 0.0007929801940917969, 0.003856658935546875, 0.0007770061492919922, 0.05589175224304199, 0.0007832050323486328, 0.002574920654296875, 0.0007588863372802734, 0.0012612342834472656, 0.0007500648498535156, 0.003668069839477539, 0.0007622241973876953, 0.002385854721069336, 0.0007343292236328125, 0.0022699832916259766], "sat": [0.007814645767211914, 0.009324312210083008, 0.0064814090728759766, 0.020348310470581055, 0.017610788345336914, 0.015156269073486328, 0.01475977897644043, 0.022237777709960938, 0.021204471588134766, 0.014946699142456055, 0.0030024051666259766, 0.023597240447998047, 0.0025894641876220703, 0.0012481212615966797, 0.003669261932373047, 0.0022225379943847656, 0.002296924591064453], "grow": [0.8002288341522217, 0.9391875267028809, 0.5760238170623779, 2.9564943313598633, 1.575634241104126, 1.1268537044525146, 1.5634822845458984, 3.522831916809082, 2.1855216026306152, 2.056215286254883, 0.2507638931274414, 1.9960918426513672, 0.11558938026428223, 0.0415802001953125, 0.18821072578430176, 0.17087531089782715, 0.13148736953735352], "disj_mcs": [0, 0, 0, 0, 0, 0, 0, 0, 0, 0, 0, 0, 0, 0, 0, 0, 0], "remaining": [8.130073547363281e-05, 8.511543273925781e-05, 6.365776062011719e-05, 0.00021147727966308594, 0.00016832351684570312, 0.0001285076141357422, 0.0001277923583984375, 0.00019216537475585938, 0.00016117095947265625, 0.0001251697540283203, 3.0994415283203125e-05, 9.822845458984375e-05, 2.3126602172851562e-05, 1.049041748046875e-05, 3.314018249511719e-05, 2.4557113647460938e-05, 2.5987625122070312e-05]}, "numbers": {"explained": 20, "#opt": [22, 24, 17, 50, 47, 39, 42, 53, 49, 41, 10, 32, 8, 4, 12, 8, 8], "#sat": [22, 24, 17, 50, 47, 39, 42, 53, 49, 41, 10, 32, 8, 4, 12, 8, 8], "#grow": [21, 23, 16, 49, 46, 38, 41, 52, 48, 40, 9, 31, 7, 3, 11, 7, 7], "#disj_mcs": [0, 0, 0, 0, 0, 0, 0, 0, 0, 0, 0, 0, 0, 0, 0, 0, 0], "#hs": [21, 23, 16, 49, 46, 38, 41, 52, 48, 40, 9, 31, 7, 3, 11, 7, 7], "#hs_disj_mcs": [0, 0, 0, 0, 0, 0, 0, 0, 0, 0, 0, 0, 0, 0, 0, 0, 0]}, "explanation": [{"constraints": [1801, 2612], "derived": [-1710, -1714], "cost": 161}, {"constraints": [1833, 1821, 2607], "derived": [-1799], "cost": 221}, {"constraints": [1807, 2605, 1831], "derived": [-1797], "cost": 221}, {"constraints": [1801, 1807, 2608, 1809, 2607], "derived": [-1707], "cost": 381}, {"constraints": [1833, 1806, 2608, 2609, 1812, -1799, 1821], "derived": [-1796], "cost": 442}, {"constraints": [1833, 1806, 2608, 2611, 1812, -1799, -1797, 1821], "derived": [-1794], "cost": 443}, {"constraints": [1824, 1831, 1805, 2606, 1807, 2609, -1710, -1799, -1797], "derived": [-1792], "cost": 444}, {"constraints": [-1792, 1801, 1833, 2605, 1807, 2608, 2609, -1796, 1823], "derived": [-1706], "cost": 543}, {"constraints": [1833, 1805, -1714, 2605, 2606, 2609, -1710, -1706, -1796, -1794, 1823], "derived": [-1800, 1798], "cost": 486}, {"constraints": [1798, 1831, 1803, 1806, 1807, 2606, 2607], "derived": [-1795], "cost": 442}, {"constraints": [1824, -1796, -1795, -1794], "derived": [1793], "cost": 64}, {"constraints": [1793, 1798, 1833, 1803, 2605, 2607, 2609, 1823], "derived": [-1712, -1709], "cost": 483}, {"constraints": [-1712, -1710, -1709, 1804], "derived": [1711], "cost": 64}, {"constraints": [1801, 1711], "derived": [-1715], "cost": 62}, {"constraints": [2610, 1804, -1715, -1714], "derived": [1713], "cost": 163}, {"constraints": [1801, 1713], "derived": [-1705], "cost": 62}, {"constraints": [1804, -1707, -1706, -1705], "derived": [1708], "cost": 64}], "params": {"output": "/Users/emiliogamba/Documents/01_VUB/01_Research/01_Shared_Projects/05_OCUS_Explain/notebooks/journal/2021_jair_reviewing_data/ocus_not_incr_pastaPuzzle.json", "instance": "pastaPuzzle", "timeout": null, "explanation_computer": "OCUS_NOT_INCREMENTAL", "grow": "MAXSAT", "maxsatpolarity": true, "interpretation": "ACTUAL", "weighing": "UNIFORM", "reuse_SSes": false, "sort_literals": false, "disable_disjoint_mcses": null, "disjoint_mcses": "", "disjoint_mcs_interpretation": "ACTUAL", "disjoint_mcs_weighing": "UNIFORM"}}